category,주문수,판매수량,평균가격,할인전매출,최종매출,할인금액
Beauty,1012,20657,156526.85276679843,3092611592.0,3001031039.3,91580552.69999981
Fashion,967,16779,155762.03205791107,2877835813.0,2657507837.55,220327975.4499998
Electronics,995,25140,150542.3025125628,2680216095.0,2524390524.15,155825570.8499999
Food,1049,13320,150797.77502383222,2079682787.0,1981805184.1000001,97877602.89999986
Home,977,16910,150478.7374616172,2081214678.0,1973037039.3,108177638.70000005
