region,주문수,판매수량,할인전매출,최종매출,할인금액
Busan,943,24607,2728956957.0,2566068714.575,162888242.4250002
Incheon,924,20786,2518507011.0,2390336587.975,128170423.0250001
Gwangju,959,13432,2475108349.0,2311961897.725,163146451.2750001
Daegu,946,16347,2221858277.5,2134572888.4,87285389.0999999
Seoul,922,13606,2045180181.5,1959757820.425,85422361.07500005
Unknown,306,4028,821950189.0,775073715.3,46876473.70000005
